file,transcription
raw-2.pdf_page_19.jpg,"ABISADO. Vide Aulado, podría valer Y.afsi leentiende aquel lazar del Pllno. y1.
lo mel.no que profundo; de la pulabraabyilus: do yjos 407) 41m Ín99.003 10 vw cota taraciaróro Cs
y el amfado, cs de profundo entendimiénco ¿y ren. On3ata exrcrlfa rta fe tus tt; funer me tran-
cala las cofas, ydefcubre con Le fulerciamucho  ferinr, ' lin perjuizio de lis demas expoficio-
CAMPO. | po es; por fer muchas las que ay lobre ete verlo.

ADIÍ S Á G,es el nombre de 4quella hermo- abres 4 vi vr. iia sat, Wide cominenta-11 Syin-
ía, y honeíta donzella q erayeron a Dauidguan — bolica Bra 1ahr. verbo Abvtlus , Grace ansias
do ya eftava muy viejo, y no podia tomar cálorz aqui, que anemmon haber, compuefio de» pri-
para que durmizndo en fu camaldo calentafles — vanua, y (51) s,quees fundan, ina pars. |
1ib,3 Reguncip.r. ÓN - ABISMALES , fon los clauos de la

A BLE, del Latino habilis, apris, ¡doneus. langa con que fe fixa el hierro en cl hafta, y por
Abilidad. vale difoolición, capaGidad ; yapri-  Entrartan profundos que pa:fan de parte 2 par-
zud. -Abilivar, hazeráono capas de logneno te, fellimaron Abiínales . es nombre Arabi-
era antes. Inibilicar, dar por ¡nabil a alguno pa yo,fegun Francifco Lovz1¿ Ta n2-íd.
ra algun oficio, exercicio,o accion. Indvil,inep-  ABISPA, del Lacin> Velpa, infetum
tus. o 22 wvolucre, apifivilo: icaditun, quod vefoerí

A BIL A,íeu Abyla (oy dia llaman los Mo — mufcas venzcurin cibu n: y fezun li cti nologra
ros aeftaricrra Alcudia) es vn monte dela par-  Larina,, hemos de cfcciuir ete nombre conu.
tede Africa, que refponde a ótro que cita en 2mwfp2 , vido Plín. lb, 21, cap. 21. Eltar vño
Efpaña dicho Calvo, puetos enel eltrecho;que Abilpado,cs lo metno que éftar picado, y lenti-

A TE E A Y 5 A A. AA A O. A A AS, A a"
raw-2.pdf_page_33.jpg,"de la ropa, cómo bulrer lo «e adentro 2uera, ADESOKAS, Latin? (rbicd, reronió;
masadenrro , as en lo profundo, Anton, Nebrif. comanmente dezimos, Y cnje

ADEFESIOS,muchotiempo me dio cui- vna perfonaa deshoras, que ndo yieñe a ciempo
dado él averiguar, que fundamento pudo rener  defacomodado: como dezimos, avermos yeni-
vn proverbio comun , quando vno dize aJguna  doyn huelpeda deshoras, quando fin c[perarle
cola que noquádra, ni viene a propofito, yno  vicne, ó defpues de comer, o de cenar,ó 4 la nie-
hallo ocro fuera del que diré. Huvoentre los dia noche quando no ay cofa aderegadá que dar-
Efelios vn varon conflumado en virtud, lerras, le: y tambien quando 17 perfona que viene no
y valor de animo ; llamado Hermodoro. (Vide  previno,y llega fin que la efperen: y de qualyte
Plin. Lib. 24. capic. 5: Srrab, lib. 14.) y con  racofa que fuceda á calo y fubitamente fin efpe-
fus buenas ¡»artes ganó ran gran opinionen fu rarla,dezimosaver fucedido 4 deshoras, y el adef
Republica, quee"" Pueblo le refpetaya, y obede- horas vale tanto como fuera de horas, porquec)
cla con tanta veneración , que engendro embi- des vale lo melmo que pr:eter. .
lía én los animos de los demas que prerendian ADESTRAR, eutar alguno , llevan""
eñorear, y eiranizar la Pacría ; y a elta caufade-  dole de la dieftra,Ó porque es ciego,ó porque va
'erminaron calumniarle, y disfamarle publican- por lugar obícuro quetl no haandado : y det-
lo tratava algarle con ella; y perluadieró al Pne  tronllama.nos a1 moco del ciego por efta razon,
lo legxecuráfieen el la ley del Ortrazibno;de  Valecnotralignificacion advertir, aconfejar,eh
a qual víayan os Arenienfes, defterranco por leñar al que vaen algun negocio 2 tiento comó,
la a losmas virruofos, y valerofos, cobrando-  ciezxo,"
raw-2.pdf_page_18.jpg,"corsa, 25 Socizs fer mmiono a Y otra letra, Socios  Pierodis, Regis Tedee Secevdos quidan , nonire:
fiiabas vlole. Eluas capoco 13. nan, 21. Sefre- Zacharias de vice Abia, ¡id eft, de la hebdornuiada,
quij-ont Dibeibla, Pireo tirarte domos tora drá, O femanacn que ferura en cl tumplo el Sacerdo-
combos 2 naiabitibs ¡irurniones. Ercapite34. te, lamade Abia ; pero en el Teframento vie-
pun. 17. Esdtcubile lrscouun, 27 pa cua firstalo.  ¡oay muchos defte nombre. El hijo fegundo de
mn. Et capire 47. nun, 20, Gloritcavumebejtia Samuel Resum lib. 1. cap. $. otro lijo” del
azyi,descones , 7 firurlyiames. leremias capite 50. Rey leroboan Regum 3. cap. 14: 1ntempore ¿llo
nun. 29, Droprerna habirabont draconts , cum fat egrotanii Abla filros Ieroboam: . y los demas , que
nisiortirgs, brrirabentin es frarhiones, En los porno caníar no refiero aqui.
mis d: tos layares encienden uruchos de los Ex ABIATH A R)Parer excellens, aut pater
Poliozes tomarle los citrutrones por los de-  refidu, velremanentis, Íime pater explorario»»
moros. Y en aquel lugar Threnorum capice mis , vel contemplatioms , aut pater funicula,
zo hual. 2. 804, €7 lame tudaserent mamar, fue hijo de Achimelech facerdore lib.1.Regum
laico rat catulis fr105 > (lia popult mel crviclos, Cap. 22. Po, |
cusfi flruthio in deferro. Parece aludira do que ABY DO, vna Ciudad de Aña, la qual efta
tencmos dicho de que ponce los hueuos , y no  Oopuefta enfrente de orra dicha Sefto , interpo-
cura de ampollarlos,conforme a a opinion del  niendofe entre las dos vn eftrecho mar , que
vulo., por el poco, ó ningun amor que tiencá: porauer2ahogadofe en el vna donzella dicha
fiorolecontra la inclinacion de todos los de- —Heles. tomo el nombre de Hhclefpento. el qual"
raw-2.pdf_page_24.jpg,"ACOGER>5tecibirenti, 0 en lu cala, y
morada: como el que acoge huelpedes. Ácoger,
recebis con antor , y COrrciia,

ACOGERS3E, tlcaparfe , y ponerfe en
falvo. Atovida , el hofpedage. Acogiímicnto,
fienitica lo mefino : y Cl amórofo, y cortés trato
c5n cl que vienc a hablarnos. Ácoyrar,en len-
gua antiga Caftellana vale procurar, |

ACOGOTAR, matar eon golpe que le
dí enel dogote, como ordinariamente fe matan
lá4s refes mayores. | |

ACOLITO, yno de los miniftros que fir-
venal Alrár , y fuOrdenes la fuverior en las
quatró menores. Esñnombre Griego Aceluthos,
confequens, confentaneus, 2fetaror , comes,
puer, suniorminiítrans in rebus corporis. Y pa-
ra venir defte nombre, aviafe de clcrivir con th,
4colichó. Pero lo más cierto es del nombre +10"
raw-2.pdf_page_10.jpg,"crrego mas qué vn íololibrocon el orginalal Autor ,O perfena a cuy
cotado imprimiero, ni otra alguna, por cfcéto dela dicha correccion, y ta
la nafta qnep imero el dicho libro efte corregido, y talado por los de «
Contejo, y eftando hecho, y node otra manera, mandamos imprima «
dizko libro, y principio, y primer pliego del, y fucelsivamente ponga efta C
dula,y la aprobacion talfa,y erratas,pena de caer, € incurrir en las pena
cortemidiseniasleyes,y Pregmaricasdeftos Reynos, y mandamos a losd
e Confojo, y demasluezes,y Iufticiasde ellos,que guarden efta Cedula,
lx» cnzMa contepido ,finconfentr, nidar lugar fe vaya , ni palíe en maner
alguna, Fecha cn Madrid a le1s dias del mesde Iulo de mil y feifcientos :
lecrenta y dus años, | |"
raw-2.pdf_page_3.jpg,"CENSV
GE! RA Dr
PEDRO DE VALENCIA CORONISTA

General de el Rey nueítro

Senor. 0
Or mandado del Confejo Supremo de Cafilla, he viíto el libro in-
ticulado, Teforo de la lengua Caftellana, que computo el Licen-
clado Don Sedaltian ae Couarruuras y Orozco , Canonigo ; y Macftef-
cucla dela Iglefia de Cuenca ¿ Confultor de el Santo Oficio de la Inquili-
cion, y Capelan deífu Mageftad , y nohe hallado en cl cofa contraria a"
raw-3.pdf_page_13.jpg,"doña Beatriz de Silua madre de lacinto Gomez

mas qué los contenidos en dicha parució, por Cue
las dus deularacionesque.hazen los Contadores
ai fiadetila, La vna,deque li Antonio Gomez fe.
quiliereicacargar de la cobranca delos 1 15pgu00
eaies que montan las deudas cobrables,fe le ayan.
de farrsfazer los saltos: efta cantidad esla miíma
que va partida entre los herederos, y lu padre, y de
que te.componen las legirimas. Y la Otra en que di
Ze 1,qu edido CO brare al 20 de 3 91 reales que 10m por
tarrlas ditas perdidasile aya de partirentre loshere"
raw_1.pdf_page_13.jpg,"oa ""e coros TY r- N ""DJ Q AY T 140,1 Toe
ESeT*Y TOY «sos SS EPA LCO 02 E 0
< qe! $ ss a A y pur O, Y 0
Y . NS Eg Q QED00D 2». 1 «EU
ÁS '<l a POD GRO Q. > U O DT ""y
.OonSx $ 430=52N0 u 3 na SD U
2353 Epi Bos ECLERRED >
U . e o
038% «sE goBs SENA ss
Ey TOUR ¿AA e OREA
UB 0% Es ios UU” yEQDQ0o cc” YQ
QS vu uv 5%o U QQSouvs3<cE E ns,
a va y «y > Qee SD 5 e ""3 UU Y» 3 «Y e ?
Rh 1) Uv = 7, = L.n anu n a HoY
e A, a D q o q == 23ousSso0o<.-< EMOS
22 ""35008802 4 30=""D*25"" ERA A,
Ny 39 O a o RO o Y VU El SY Noe
AR AR AR
BOSS 030 FE"" 03T9a0%20%
52392 23D Oe 390 >:
SS Pe 003.08 > P903I3IZESUIS “QA 3SIERZÉE SOS
Sn. UI, 3 des y BURN AS
SISTE .SE7ES> 2 Ena S 3100.03 77
ba ==] CG. mé DD O Ry e» 4 ¡Sun o= Y A ""RU a.
$ o. ASNO. 277 q. 2 U ADE AO O'
eS. o :Q2%330G 02,730 bdo 02E25304e2
Y MY PRESA) Vo AO rs Ori “OT he > nn 331£. O mn 0"
raw-3.pdf_page_7.jpg,"Petr banal. refol. cri. 2 9 y num. 95. Lo qual le.
dcue guardarcon masrazon eneíte cafo , por fer
el deiicodela calidad referida, y la efcrirura no có

ener Enagenació,ni donacion,(no moderació de
yna carta de pago q anresaula dado: y vna libera
cion, 0 carta de pago en favor de Antonio Gomez
Su padre, de Íicte mil, y quinientosreales, y nara
tificacion de las demas castas de pago antes delta,
y decideitto otorgadas,con las quales eftaua el di

choín pagre lulicientermentereleuardado, para Q"
raw-2.pdf_page_31.jpg,"tierra pocelana, Ó mala de ladrillos n:olidos
con mezcla de cal, y orros materiales, que incor:
porados hazch corteza, y defpiden cl agua tacil.
mente. El Italiano le llama tetto piano , a dite-
rencia del que cftá con texas. El Padre Guadix
dize ler nombre Arabrgo de zats, quetigninca
folariun , y afsi por otro riombre le llamamos
(olana. o
ACVQVYEICA, cierto pago no lexos de
la ciudad de Poledo. Dize el Padre Guadix fer
nombre ÁArabizo , dininucivo de azequía ; y alst
teninicara lugar de regadio que fe riega con mu-
chas azequias pequeñas: OS
ADAGIO,es lo mebno que proverbio,
onvienea faber, vna fentenci: breve, acomoda -
la, y traida a propofito , recibida de codos , que
e nele aplicará diverfis ocafiones. Latin. ada-
am. glj. Se apud anciquos adagio. nis. dixofb
dagium, qual circun agua 3 porque anda de
»0ca2 en boca derodos. Es propiamente lo que"
raw-3.pdf_page_12.jpg,"ron partes principales para litigaren el, IAtO0OS
aquellos; que por alguna caula de dependecia les
puede tocar,aunq no ayalido citados nillamados,
Haya tenido noticia de la litis pedótia, yetia es C o
mú, y recibida opinió q funda có muchos S4/g. 4€”
Reg protec.p.g.c.8.1, 3 1o.hisverbis:Tersiajit cócioó
fp0,v: pl eraquefentétia inter alios lata imsoeter. altas
¡actat alys prode/fe, ac noctrecotingit ex propria ul,
(S natura esulde, ab/que aligua (crentrazac cedete,
prout executortalesexpedita cotraillos ,quos nerotidó"
raw-2.pdf_page_1.jpg,"PRIMERA DEL

TESORO

DE LA LENGVA
CASTELLANA: O"
raw-2.pdf_page_11.jpg,"vt NTRE Otras muchas colas con que el hombre; animal racional, fe diferencia de los
A o. demás , QuE carecen derazon , es ler fociable, calidad propia fluya : y quando Dios
Y, =u0anneltro primero Padre, aunque le puío en el Paraiío , tanrico, y enjoyado con
2. aturaleza, y gracia, dixo: Non ef bonum bominem effé folum , faciamus ei adiutoriura
zz + 01. Y embiandoen Adan vn [veño , facol: yna coftilla del coltado, y formó della a Eva:
io -¿¿quelpauntoqueel Señor fe la pulo delante, empesó a regalaríe con lu muger, diziemdule
“a2l mticriofiísimo requiebro: Hoc nunc os de offibies meds, €) caro de carne mea. Deniodo, que

!. .omanicacion de encre los dos, de aJli adelante , fue mediante el lenguage, no adqhirido , ni
'iuentido por ellos, fino infundido del Señor: y con tanta propiedad,que Jos nombres que 4 dan
outo a los animales terreltres, y 2125 2ues , fueron los propios que les comperian : porque cono-
cizndo (is calidades, y propiedades , les di6 a cada vno el que eflencialmente le cor.uenia: que ú
haíts a sora durara la noticia deftas erimologias,no teniamos para que canfarnosen buícar or Fs:
pero defpues del diluuio con la confuñon de lenguas fe oluidó aquella, quedando en fola vna fa-
mia, qus Dios referuo de las demas , para víar de mifericordia con el linage humano, hazicn-
“of. nombre delcendiente de Abrahan, Ifaac, y facob: los quales fe llamaron Hebreos, y fu len-
yu Hebrea: en cda habló Dios a Moyfes, y le efcrinió las Tablas de la Ley: y en ella efcrivlo el
mefmo Moyfes los lioros del Pentateucon , y enella vaticinaron los Proferas; pero quando el
Hita de Diosencarno . vaeftaua mezclada con la Suriaca. y Caldes. LTaomeíno cone tiempo"
raw-2.pdf_page_23.jpg,"cierto vezino de Malag2 : y preguntandole,que llar. La efcufa que damos para no hazer lo que
como le iba. con el nuevo 2.no0, refpondio mal  fenos pide, o demanda; de do nacio e proycr-
aca, y ml alla: jugando del vocablo, malaga, y bio. Achaquesal Y ¡evnes por no avunarle: Á-
malaca. o chaque , vale algunas vezes indifpoticion : que
ACABAR, Lat, finire , terminare, perfi- aun no rinde del todo al paciente, mile derrnc-
cionar, dar fina alguna cola, vale tambien mo-  cacnla cama, fino que la paña en pic. Achaque,
ri=, 2cabam:ento, muerte, vale matar, perfuadir. la denunciacion que fe haze con foplo, para com
Exemplo. No pude acabar con el que bolvicfle:  ponerfe con él, y facarle algun dinero, fin-proce-
acabado, pertecro : y tambien deshecho; y del-  dermasadelante. Achacará vno que ha hecho
ruido. Dixofeacabar, de la palabra capt, que cola 1indevida , es denunciar del por folos indi-
en Cazalan, vale cabeca : la p. febuelveenb. cios, fimaver baftanteo provanca, Achacoto , el
cab, y lepierdedar. Y dela palabra cab. fefor-  queanda en pic con algunas indifpoficiones. 1i-
ma el verbo acabar,que es dar cabega, y perfec-  geras. Achaquiento , el que de poco mal, y con.
cioná la cola: efla tomada la merafora de los poca ocafion fe quexa de qualquiera cofa. Dixo-
efenltores, que aviendo de hazer vna cftarua ,la  feachacolo , quafiacacofo , del nombre Griego
defvaltan primero, y van formando fus miem-  Cazos.Cola mala, qual malato.
bros, y lo poftrero que perficionan es da cabeca, A CHIC AR,rertaxar vna cofa, recogerla,
9 de la palabra cabo , que vale fin, como lercí- y reducirlaá menor forma, vide Chico. Dize yn
pondeel verbo Lacino, finire. El Erancesdize proverbio vulgar, Achica compadre, y llevarcís
acheuer, aba. capite, vide Cabo. la galga, Quando vno miente á lo largo, y def-"
raw-3.pdf_page_5.jpg,"232 /Aqueénoobita dez1r,que elta ratificacion
fue nula,por fer hecha en tiempo mhabil,por eftar,
ya aculado del delito de eftrupo, y le prelume fue
enfraude de la condenacion que efperaua, Porque
relpodemos,q la otra parte el1ja,0 que elta elcritul
ra lea valida, y le efté a ella,como fe deue cltar ,0
que fea nula » y como fino le huuicra otorgado:
porqueíl elige que no valga, quedan firmeslas pri-
metas Quatro Ca rtasde p1ago,que monta 5 S1F7 5 l.
reales,por las razones, y tandamentos que fe han
referido, con que lacinto Gomez efta pagado de"
raw-3.pdf_page_1.jpg,"por ellos, mon fuitpecunta deperdita ed conutr a 17
minoris utilitatem, maxime, auiendole cm pleado
parce de lo pagado, en exercer vn oficio tan hono
co como el de Alguazil delta Coste, y 2 alime
tarea fi, y a lu muger, y en el matrimonio que co
ella contt3x0,como parece, y confia de las cartas
de pago » y dela prouanca hecha por efta parte, y
“por eltas razones quando fuera el miínio do Jacin
to, el que intentara yaleríe del beneficio de larefti
tucion no le le deula conceder, $. penal. en [. gut
bus alienare licet,vel no,DD sn d.l.12 Pupsio 47: l"
raw_1.pdf_page_18.jpg,"Y pa,
PECERA A a ECTS:
a 0 uu Pl
2 A 9 Ss, 3 Y in ""To ds gE-S SE S
EC ESEULERIZIS SERRA UOSSLELDO
2 E T3Zo0. DOS SsZ3c EIA
PRE EP EE ca E
Le . sh
23 44377 3Ss o Y E v7r9203Z38wIS,.oSq
SE voy YY i— 325 U DO Y E Xx. 3.
| YES o vu guvuaAa2 nv9 TS a hol
cu u4uvr. Due D030uUs» S yATDVU O
e 3 >” Z<""»O00 y ""Y Spy Zoo.
2.0 dy i= “on 2 715258 Lou E
SE” AE a 2-3
- 2) Y O y TV Ars as 73 ¿ns 9 ""So... rn S"
raw_1.pdf_page_11.jpg,"VIAZROS

3 4.3 gu
PRE
Sn ASEOS
poOrEZ SEGA
43 rv S
23393843 .,3%
> INICIE
IS REB3Ss a
o 3 233550
y 3.2Z uv sv
38635083 3e
210 20"" 3”
ns O Ó al

= 3”
DECIS EcIN
¿Eo 3 sE228E8

3 fa q
> 3,40"
raw-2.pdf_page_35.jpg,"y aísí valdrá. tanto a-drede coimo a fabiendas.  nacolz Elarad crudo, char prercaido, yo!
Orros dizen que de adietro, porque esmalicia fido. Advertencia, clavifoqueíe da. Adverri-
reníada de atras. | ' oo + MMento no es palzbra tan fada. Inadverzido, el
 ADVANA,, es vna cala pulicicaonde af- mal confiderado, y de poco diféurlo. Inadver-
fte cierro Miniitro del Rey ,ó del Sañor, para tencia, el defcnido, y el no mirar en las colas ni
cobrar los derechos que le pertenecen de lis  cltarenñcllas, o

woreaderias queentran, O pañanpor Íutierra, ADVERE, Antronio de Ncbrixa buelve
Antronio de Neorixa declarando la paladraan-  Limpanum. Dize Vrrea ¿verlo dicho del Aya-
312.2 nombre Griego anterprezarur coactio,  bigo Dejfen 2 werbo Deffife , Y cortina .e defe.
y romangeandolo, dizc: Valor tanto como dua, Pero es cierto venir de la rayz Hebrea, del ver-
9 fervidumbre: y al verbo ansario, coger como bo Daphac ly pulíare : y afsí dezimos comunmén-

para dua ¿6 fervicio: y afsi aduana fera cl lugar te tocar el adufre , 9 el pandero. El Padre

donde fe coge el leryicio que tocaal Señor : y Guadix dize, que e pandero en Arabiso fe

1 mebno fervicio , y aduanero ,el que aísifte a llama Aduph , y tedo viene bien con la rayz

1 cobranga. O:ros dizen que feha deieziridua  Hebtea, | a

12 , del verbo antiguo iduare , que vale dividir; ADWLAR, valelifoncezr ,.y moftrarfe

vorque en cl aduana fe divide, y parreloque obediente, y fubdiro al guíto de orro , conde-

sabe al Señor. Orro3 quieren qne fea Hebreo  cendiendo con todo lo «ue dize , y Luaze, feafe

dona, del nombre don, que vale dominus, qual fo fuere, afsí con palabras como cor ade-"
raw-2.pdf_page_14.jpg,"dal, ¿omo lo refieren muchos Autóres, y lo
pondera fray Tofeph de Siguenga en la vida de
San Geronimo lib. 1. fo1. 16. Algunas vezes la
lerra A. es voz de la tercera perfona del fingular
del vérbo e. as. a. Callellano , que fignifica te-
ner, óaver:yoc,tuas, aque a, Pero algunos
quieren que entonces fca afpirada; y en efto el
vío puede mucho. Exemplo,quicn no fe ayehtu-
rá, noá ventura, fignifica traro de tiempo , Co-
mo no:4 vn:=ño que vineá efta tierra. En nnel-
tra lengua Caftellana firve de propoficion, que
feñala cl cafo dativo , como á Pedro toca el go-
vernar: yotras vezes al cafo aculativo, como yo
amo 4 Dios, refponde al adverbio de lugar 4d
guem como yo voy 4 Roma: y al verbo infiniti-
vo, como voy á comer : vale por interjeccion , Ó
adverbio con que llamamos , como a Dios, a fe-
ñor fulano. Los verbos que fe forman de nom-
bres toman por principio la lerra Á. como, de"
raw-2.pdf_page_13.jpg,"DE LALENGVA
CASTELLANA:"
raw-3.pdf_page_9.jpg,"36 Pera quando diéramos, que lacinto Go-
mez huuiera declarado judicialimente , que todas
as eferieuras de que lu padre le valete otorgaron
en confianca, y delpues de cometido el delito, y q
Los efcriuanos ante quien luenan cltar otorgadas,
pulieron lasfechas delos años antecedentes : aura
enclmundo alguno tan falto de razonque diga, q
fin prouar todo lo contenido en efta declaracion,
no fe les ha de dar fe, ni credito a las dichas elcritul
ras? no es de creer, ni fe dene preflumir le huuiefe,"
raw_1.pdf_page_12.jpg,"To SCA AL ""'Q oé e ""a a
CIEN ADA CUANTAS
EROTICAS «a UOogQu0o U a. uv o Y E
e- y O CENERZZ y LS OS Dutra
E Vo *QAOZOZUTOO?-EXZO Loy
IIA EQÉ£33038 38
EX «00 ULgO>30 go ex3a3dln3ós
DÍLÉSESER UM LS uo uyal -

3UsSNBg«J3Y a Epa e. 9G.U,Y > A E
Soa35 Qi vo Xi mat ds y palas FO E
""« A0,4.Ó 3033 QU Y 38
YU UA y Ae SE 30>yUu “yy Es
“Jj” Y a 3 VS > na. y Y E-TEN -9 y O

TÚ mor... 3 ve De SEEZUa
hu O M y Y 53) ""uu"" y= e O 3.9
A vu y voi O uw Ó — VU yu v.%
2 EZ 3>85<0 Sw. ECN ERE y E
LAA DA DA ES ES vo ETESO
== ESEO == 30.3 711002303%37., _ -2. 304
EE IES:
>» 6N0a.U = DAA 06M Yo O 3 ""3 Uy
AE EEN A
A A ARCA TM MT
Su. «¿Uno ya E Y) > O ud"
raw-2.pdf_page_34.jpg,"que fe le ofrece *, hafta quietarle con el conoc:-
nicnro de ly yerdad, De aqui fe nficres que el
hombre étie no fe admira de nada, Ó tiene cono-
cimiento de las caufas de todos los efcétos ( Sed
quis eft ¡fte , 07 Lestabivs:ss cum ) Ó estan rerrel-
tre, que en ninguna cofa repara , tales fon los
fimples,e(tupidos, y mentecaptos. Horacio Fla-
cco lib. 1. epiftolarum , epitt. 6. le da principio
con eltas palabras que hazé a nueftro propofito,
Nibil admirari.prope tes ed vna Numici,
Solaque que pafsis facere , 27 fervare bestuim-
Lo qual ¡miró nueftro ¡luítre Garcilaflo en vna
epiftola queefcrivió a Bofcan.
El no maravillafe hombre de tada
Me parece Bofcán fer vna cofa,
Que bafia a darnos vida defcanfada, Tc,
'ADOBAR, qual adaptar ; reparar , con-
cercar alguna cofa que eftáa mal parada : algunas
werechomiica fazonar el manjar , como carnero"
raw-2.pdf_page_26.jpg,"azúela», unude el faoraJor jar, errd con elag2-  doentales tores y, 1OS aciSTaciados y Y Mall
don, y dincren en el tamaño ran folamehte; cos grados Autores dellas. Fuera dieltas ocafione
mo figur, vifiguoron; tinaja, y tinajon : y lazer- ninguno fe coronana del Croco , y afeido di:
minació don acrecienca lafizniicacion:noem-  Plin. lib, 211c,6. vÍnseiusin coronis nufqu:
barganre efto, parece fer nombre Hebreo, maar. —Ántignamente fue muy eliimado clagafren q]
fra, fecuris,, vel afera: quiead la m, y dira adfar, — lecrisuaen Sicilia, particularmente o: quen,
inde atfada, y corruptamen:e agada, y agadon: cizen el monte Corycio , y afsi: lo encareca
la m, fe pone de ordinario en todos los nóbres Marcialen vn epigrama que efcrinca Diad:
inftruuentales. V na amittad rá arraygada que  mecuo,lib. 3.epig, 65
es tenida por diiculcofa de difolverfe : dezrmos Guod fpirat tenera y alum mordente puella,
queno la apartara fino la pala , y el acadon, Quad de Corycio que venit aura Croco,
cu fiznincan la muerte , porque fon losinftru- Lo mefmo repite, líbr. 10. cpi2. 9.
mientes para abrir, y cerrárda fepulsura. Lafja, quacd externi Jpirant opobalfana drasci
ACADONERO , el que cava la exerra V ltima Corytio, que cadit aura Croco.
con cl azadon, yen la guerra fon cierra gente de He comunicado la Etimología del nombr
feruicio, de los que llaman gaftadores. Acado-  aqafrancon grandes Arabigos , y concuerdar
nad2, el golpe que fe da con el agadon, y para  nofer prop:0, porque no tiene rayz de verbo,
0 A A A A A PRO as enmmamjin a Tirmrnmo JTrlarfneo 17 Arahace. mw mm"
raw_1.pdf_page_4.jpg,"LR pe. AD Uli PAS Y ES] “A A, T 7 3 -N É)
EROS ERE SL IAE
2385 Pe aus EA EE
9 o up Y j ¡cmo Lí e - Ls e vá (9) Q y y?
ESTARIA NS “1035720 49m
S 03% VUANRO.D 230020 Ú>as TR ,.0 ER
ERAN lo cr Pci et E
vo"" OARO EOS E JE a 9 gx 30 E
= AO. RR SH “0.9 « Q «y 922314 GRIS
IES A RE
ma OZ ¿“IEA Das AREAS arcas
SOU >= os Sos 08% uy ec 86 0 135.0:
0032 -3IDTRALSZa7 Boas ASEO IU A OA
382 ¡Lol oe EAN AGA Bao go
EEES RIERA IEEE E
CEN IEEE A 3S uu. E um
3QuSs:2.3 JINETES
E“ ES3ZÍ 4 Sr. E 7""TDZ30 y q AE > > e
._. —D =x rn SO 3 » y “Y qh ""e Q y A LD 2.0
v=E Lutz ESVUIOEdIAO 2039459 A:
""at O sy «,. > na e 3 + 24 CEN. Y 7 A nn dd dd». O Nur q"
raw_1.pdf_page_6.jpg,"KN y — ARS 'A TT To: > TT - dd » - a. = am.
Guo. e Y o AO JA A Y Ñ
AHRRERERES E ERECE DONSIASUE
o 2 0 , Y
as SERE E notus o Ur“
ES 2D In o u nm >, YN 3 e”
00 7D. aa 3 3 e 3 Y o ts E Lo.
a n LU e SERE TEZLA>S a Z ed. vs a pu Es,
ROS sE SS 3 -, 9 er ZSZRAEEDOOWO
TE CIC AS MN AS
RAR 05d ESDL CA
(Q Du 0D La DO 3.0 JC ee
3 O Zv..uny >. 3 — RQ YN Fay A Su
SB. 2 y un ora 3 - == 033.209
LA Q — par ge E ”S Qs O e S 3 o ""ap A> ao Y ena ""a e) der
2 DTD SOS EGRESADO E CES eo
Su SNS reco Due 3 DOSER. E. Da
AE 3 0-=353250""ms220 0 S >La o o],
n Eo 900 No Os a m a . >» Tio gssu
rd Mn ""a, 4 la ES 0.0 > Y o0O0?2a
Ii E SE
CET AECE E BASE 8d
o. LJLEZOS ”E0,0 2"" 03v == =R.LDtipeo.o mos"
raw-3.pdf_page_14.jpg,"115,18 pro vegit1ma parte por MorLen palres, j1is
ecocrentur,glo. Panor. O alys 1 cap. 2.de ácnidh.pue
ror.Bald in l. [1 qua pena,per textz 101, ff de his qu8
fun: fuisosl, Bart. iml.1.5. fi impubers, ff. de coll. y
cito es en tanto cierto, que aun el ylutruto que to
Ca al padece en los bienes del hijo,nofe le puede qui
tar para pagar la dicha pena, Cacher.decif. 9 4. per
bol Dert.cof.49 pertot.Pere.sn tradt.de surefif.ltb. 5 ¿
2.128.La(.de vir.pat. poteftlib.r.cap.3,1. 36."
raw-2.pdf_page_9.jpg,"Or quanto por partede vos Benito Remigio, Religiofo de la Orden
P de los Clerigos Regulares Menores ; nos fue ficha relación ata
des compuefto vnas Adicciones; y muchas cofas cuiriofas, y necellari.
para añadir en vnlibro intitulado Toro aela Lengua Caftellara , com-
pueíto porel Licenciado Don Sebaftian de Couarriunas y Orozco; y por-
que cl aichio Libro no fe hallava alprelente , y era muy vol, yprouecho-
fo, ylasdichus Adiccionesque teniades que añadir a él,os auian coftado
mucho cuydado, y defvelo;en cuya atencion nos fuplicafteis os mand.f-
femos conceder licencia para darle ala etampa,y prrviloglopordhz años,
ocomola nueñtra mercedtuele,lo qual vito por losdel Confe¡o,por qua:.-"
raw_1.pdf_page_10.jpg,"an Y bo
ARE REIR
Sy PISADO O O
EY -eI22 EJSZS
JERIA ICI
Sy PERU IEA
330223 So due
JE IRSE
QESs5S520 3 SAS
3SE2S32a 220”
2» OU BCE
SEDE
SERE AOS
2338 LOL D22w<
o S.URODISOR IA ES
KE-ALERII"
raw_1.pdf_page_2.jpg,"a. el a 0) em > a Lhasa .N ra med 2.
v y os Yuc. 9 qxwi-
3.) e y
. ly
Ss Pu 2 grass
y == 7 y ROYO AS
702“ es Í
Da He a “3 ca”
EZ = . —o3 o 3
32, 2830.83 S32o
SAO Ao E
hd
JEvDA Jo 2gyoa
3 E Rh OE->S
al n = y > 33% »
S y ""og dea o
“ “DUaGY ra Ou0o..
YD SS 3ASZoOoO2 - hi Y” y"
raw_1.pdf_page_7.jpg,"047

7 u a

- O 1 La LL oc0OQ
VO y | CE = O E 00 on y
r a DET? > 3 uo.A — .2:30
308.7 JE IES S +3 Y E rd RO)
e Y A Qs y 32 uo 22:i35u

o O o» 2083 ds ES uan ¿==

Pci 873 .3356É% Q Deo E

o ut O A nt O > -— Y UU <  -v

a qa ""3 PEO 58 A LY TESUL Ba

Sa S PELE RO 2 Eo 20355 |

RS an go 3 335 8252993 >,

SE 0 Sg3293É So >E> SY EA

. e O Y “e E 4

DÍ su -Sbc E S > A Taelerolz

um ""70 SS BRL DU. O 2.0 SA EA

Q == a “Esos ""AO “a Es . SS ""Y

Y 5 SE22522209 2 50 AE

g3 A 93208550 S 20 ES

Ez. «2228957 “O A y A Sa, » AO. a
So7% eli 4) YA q 3 'Q W ,
A 3 a a P SCS .. 4%
SH 0 302"
raw_1.pdf_page_5.jpg,"emy AA HE TIE TONY A ""a Tor y Y
IAEA AC
care o nEgr cesos MO
cupo > 9% > 0 Ju a y E ""3 o
NED A OCA ao A
SO su0gT Aaa YE A
Oo $ - . ak 2 Lio 3
3 3 a, 00U3 e 0OJXFCE7SR on Y
— 473,9 9 WM, 3U>.5082 9.1.2033 Eu
“ou 33 0. 2 RS a ad? BB rs ESA q
a > CTaE6ZoY xs PS” E q via 3
""3 O VU. Y .. 094UuSTAx gt
”3 Sri Y 0 o vá o 9 QQ) rn e “a S «A
0Nai> 3 Y ""Sado 3 AQ Y TOTO ..
GQ O. PRL UL nan a seo >»g”T - $ a |
TSE ¿332 3% oe 3 ¿Sn Vo. >)0.%
y 2 3.2 E 9
Y) Vo oO > PLOED O. 73u s* Ó.
SIDE CEA ESSE A
os Yo 3 a Y 3UAOE y O n ad <=
n E“ Cu Mm da + Y d.ieu vd va
UV ha 3 ""3 S£ Vo. Y O yg vu 73 A ES - OÍ
y A 3 SRA E, Ox
O 4 Pa o 73-a do O—RA?UEA <ÁXW
AS “EFE oo BOB o 27
== ""—_LOTDO00OS7T0y da “CC Qe or. qa"
raw-2.pdf_page_4.jpg,"LICENCIADO DON BALTASAR
SEBASTIAN NAVARRO DE ARROYTA , COLEGIAL DEL
Colegio de San Saivador de Ouiedos el mayor de Salamanca , Sacniltan
mayor , y Canonigo dela Santa Catedral Igleña
dela Ciudad de Teruel, al Autor
-— defte libro. OS"
raw_1.pdf_page_9.jpg,"” o PA O o UN
ww ww GQ Den: o AAA a N IN AAA
BERE CRA DERE
ERA
TEA ABLA RE CGE EDO
= 3 S 0 ""DAL
E Sa ""E DS 3 AS ESZ EC 204 8'E:33
ANA Br a 0 . S o y
-_ - y 3= “OS O eras A O
3055 321 IEA
AE YESO .«<=-=S€,<Á
ECTAZ 20 Esao ADO ES
Y NE OEI AS Ena
bdo y. o 00 238 32Zlo
VI. isos uU ¡av O q, Y E
33 Yo -=5 ""“>3uv >] 3 Y
£€= 2426.90. _ “. Sn. YO, ha"
raw-2.pdf_page_25.jpg,"los demas labrantes , y buelucn de recudica,
que vale in: olpe cras otro, Acudir, figninca 21
eunas vezes el rendir la cierra los frutos efpera-
dos de la tinaenga. > ? e o
- ACVE>51AS,aduerbio , vale llenar fo-
bre las elpaldas , o coitllas , de donde trae (u
origen, a los muchachos los toman acueitas cn
cl cfcuela para acotarlos : y meratoricamen-
te llenar a otro acueí. as, estutride, y mantener.
le, y elto le es carga. o o.
-—ACVLLA, aduerbium loci, del La. ::lic,
aca, y aculla, vale en todo luyar. |

- ACVMVLAI, juntar muchas colas,
que hazen cumulo , y monton alto, es ternuno
forenfe, quando a vn delito le acumulan, y jun-
tan otros que el delinquence ha cometido; vide
Cumulo. . . Po. o
. ACVñAR , feíñalar apretando con el cu-
no, y particularmente fe dize de la moneda que
fc labra +. rábicn figninca allegar codiciolanien-"
raw-2.pdf_page_32.jpg,"muro de las fortalezas lobre que le levantan las
almenas, y quanto masancho esel muro , tanto
es (1 masefpaciofo. Esnombre Arabigo. El Pa-
dre Guadix dize, traer origen de la palabra Da-
rab , que figniica golpeadero ; Ó heridero , por-
que defde el adirve hieren con flechas , y golpea
con piedras á los que pretenden arrimaric a los
muros. Vrrea dize, derivarfe del verbo derede,
queen Arabizo val¿clconderfe derras de algun
reparo. y es afsique los que andan fobre los mu-
ros; le reparan de los golpes del campo, y fe el-
conden delosene.nigos,atrávellando de vna par
te 2 otra,fino es quando fe quieren defcubrir en-
tre almena , y almena. En eitos lugares fuelen v-
far de vn eltratagema , quefiendo pocos los que
eltán dentro de la fuerga , arman vnas figuras, y
nanantec (ue reladas atftomandolos vor entre las"
raw-2.pdf_page_5.jpg,"cenar iento de las colas drnende de: de 10s vOgaulos , €l que ayudaa cud) SY Caldo OLI.
laecioncias: y afol los granados “Holotos antiguos trabajaron mucho en ella parte, cun “ue Ls. n
eo luDisio2o Grati lo, que oy endia lecmos, acnya imitacion los Latinos ti ar2rOn Cte, Ecalon,
A0n 310 con niynras ayudas que losG:1eg0s,por cener ius conocidos los ma nantales aca lanas
go iquele ¿todo es (rriezo , atinque Marco Yarron eo los livros que elcrimo. ""5uasl cuna:
¿Cocción , quíio hair el cuerpo ¿clto, pretendiendo hazer crecrqu .131engua Lui. “ont yecas
b los prorios, Jo tonados de otra, y ello pretendiendo autocizar [u lenguage, (MRNUO CC. 1 771, US
€llo Lo. o1a mejor que otro nidpuno y puusera2el amas uoltto hombre de todos dosarortalisSys + te-
niadiJenattLatia! y ocablo ninguno propio luyo: y cenafcle de y er que quifo CMD, putsa a
gunas Erin o -J4s que quifo deuuzir ¿e los vocablos que él án 10 fer originaridoiepte Latinos, :
pu reacubrir el engaño, como quando dixo, que Pater fe deduz?s del verbo Patrare,que ño Igno-
rana el que Dareres vocablo puramente Griego , del qual fe detinmat2 el y erbol'atrare, y todos i0s
demás que tienen elle ori¿en. Y aunque en firtieipo no pido cogeñar a los hombres que fabian laf-
to deltenzoo3e Latino, engaño en los venideros 2 muchos: y aÍsi el bienauencarado San Idorc,qus
enfus kiymol..212s mezcló muchos de los vocíblos L.tinos, dio ocafi0b a 1. derdi Ct: ac Jos mu tan
pios, y 2 que lugrande autotidad fe enflaquecioffo por efie can. ino, acerca de los Ciiticosrizurofos
de puzítros tic; 5. «exo 2 parce las ridículas Ley mologias de losGramaricos i¿horantes de ja lzn-
gua Griega, que no firuen de otra cofa, ino de caufar rif; alos que la faben- como dezir yue tl vocá-
bo Duras defolcide de pus puris, y que por anuphrah, Gesotra gentil pacraña (pya, fe Cize purum,
anad errar aure. cur no cdenepodre. fiendormanifleño aue puros fe dize del Griero pír9, paros, que"
raw-2.pdf_page_30.jpg,"confefía averle los Tudios acotado cinco vezes,
porel renor ae la dicha ley. A Judais guinquiss
Gs lrazennos( fosiaccr plazas) vRA minas a: cépi.

A VCAR,elte vocablo esbien coñocido,
pero la gente vulgar pienti fer Arabigo , por
tener el articulo a. Pero es ciércó que los A-
rabes tomaron de la lengua Latina , y de lá
Griega muchas dicciones , y las hizieron pro-
pias « y vna dellis esagucar, de a, articulo lu-
nar, y [iccharum , nombre Griego Sacarun mel
arundinivus collehum gummnt, modo candicú n
ac fragile: Labrale en Efpaña, y tambien le trae
de fuera; y en cfpecial de las Islas de Canaria; v-
fa.nos della pará muchos regalos , conlervas; y
tambien para medicinas. Palabras acutaradas,
las blandas, y lifloñgeras: Águcar piedrá , por o-
tro ñomibre agucar cande.Sal indicus, áqucar de
redomá , el que fe quava en los bordes, y luelos"
raw-2.pdf_page_20.jpg,"ABOGADO, Latine Adnocatus, el Le-  fecon Eneas ,y los Troyanos , que conél sino
trado que defiende , O acufa a alguno en juiziO, ron, le comprehendieron debaxo del nombre
del verbo Abogar. Lar. 2duocare , llamara o- de Lacinos. | |
tro en fu ayuda, y defenla. Abogacia, cl adto de ABORTO,mal parto, yfintiempo , de
abogar, y el oficio. La ley primera, tir. 6. part. nombre Latino Aboríus, a verbo aborior,inten
3. le llama Bocero., y alli la glofla : SK dicicur  peltue ortus. Abortar del verbo aborior, abor:
Aduocatus,quiavocibus propon:t. -  - fum facio. Abortiuo , el nacido del tal mal par

ABOLLAR, eshundir con golpcalgu- to. Aborton , el cordero nacido (in tiempo, y
na pliega de mesa1 , de modo que lo que por vna (as pellejuelas fe llaman tambien abortoncs
haz es hoyo, por la otra fea leuantado , y ampo- que por [er delicadas fe eftuman. Vide Moner, y
liado. Y dixofe abulla, id elt, tumorquiinas  Muenedo. 0 ?
qua fir, repenreque euanelcst: la campanilla que ABOTONAR, vide Boton. . |
fehazeenel agua por tazon del ayre que coge L ABRANTES Villa, gozando prehe

debaxo, y fe deshaze luego. De cuya confidera-  minencias de voro en Cortes : en las quales ( le
cion falió el adagio, homo bulla. Abollado, Á- gun cuentan fus moradores) tuno diferencia
bolladura. .  conotras fobre hablar primero; y que la dix"
raw-2.pdf_page_16.jpg,"ARASTAR, vide Baltar. jon , el no adiniejr mas que a folosno, “Tan ter-
ADATÍIDA cola, escola vil, baxa,me-  ribles fon las abejas irricadas, que para encare-
nofpeciada,2biectus. a, m. y abarido el menol- — cerel Efpiritu Santo! rigor de las facetas de los
preciado, v teni lo en poco,abatirfe, un Marte, Afílyrios , los disfraca debaxo del nombre de a-
apocaríe, abatimiento : cl cal hecho y mifera-  bejas, Efai. cap. 7. El vengar fus3nynrias tan fe-
blo lue-te , o Ind oOnI3Un del verbo antiguo verámente , y Otras infnictas coefas :encontem-
bazcno. is. por batir, porturbar,derrócara otro,  placion de. las quales Áritiomaciio Solente gal-
hiutendole, omiéxratandole , de donde fe dixo to felenta y dosaños:y Philiteo Patio deiterran-
Bazalla, vide verbo Batir, % .  — dofede poblado por andar tiempreen los mon-
ABDALACIZ, nombre de Moro, vale teselpeculando la naturaleza dele animaliro,
tanto como) fiervo del poderofo : avnodeeite fue llamado agrio, que vale mentaraz ; y am-
no.nbre quedo encargada Efpaña quando la ga-  bosefcrivieron particular hittor:a, y tratado de
ñaron los Moros : el qual dizcn aver calido con — lasabejas. Plinio en el libro onzeno de (Lu natu-
la Reyna Gilona, viuda del Key Don Rodrigo: — ral hifroria en los primeros capitulos, y particu-
algunos lo ticneñ por fabula. . — Jarmenteencl decimo cuenta de las abejas colas
ABDALA,) muchos Reyes Moros tuvie- admirables, y dignas de notar en confufon de
ron eftenombre Abdala, Árraez de Cartago fue los hombres ociofos, floxos, Íucios , inobedicn-
Alita Vil. tras fu hermano lezid, Abdala Hali- tes, cobardes, y defmanorados, condenandolos
Cao Caio 431.1, Afocafladta PorvlnATaro > afldla amtnatón Sa tuto"
raw_1.pdf_page_17.jpg,"RU AO « + a
> O Y a a 9 y E q 1 y SS SANA LS |
5 >» O ojo e) .. A. VU ""Y S O 33 = nl A E!
8550 59850 _YUI3S >OaASoEZao Jm a 9
o vi S PRE Y 5 23 Y «A Ss < a E qe. e gro > y o
2.1.3 O > p Mo Y 05 =07W ao $0
a] 1 O v «O =z > U A “Y he
JD 3osu7 00? AE 9 a
n 2 a, nan . 0
30 ES '0u6É O o oso E VUt= 0 O ¿00-08
O D —“ No. ds An al a ¡e) YN De... e.
| QYQ  Gy U 0 $ e N n E 30 2” as gs 5.
Eo Uy Y >” 2. 3 — SY2udosYgos'a
QoS TY veExy ICI 20.2 35so%
DS 0353. n 33 0.3 as y 3 3 > us E N
o a 3. 3.00N3 o. 9% Dj VD e. pi nad a e
ES SN A 2300 vOodx aS
Z=0%0 ""Ud"" .». 273 Q EJFROIDONOSOA oO
Dr -q hh uv 3. a 3 E NoN o og3xsUNSsS
20330 V 0 42 — ESE e) O —=.o ys
MS o E A OD Des on ¡e E e re $ La
| O o Pu 2055229 0y2 ca Y voO9Oo
a E327uv DULUTAN rr ODOCA DINO
SA, A VvVes>ver""vusa2o”: YOU""
>9, =UÉEr9'TaY 30m CSoUUS7A a
g3 a Yu 3 u a 2,32. 3Q O .v DO V 3 E
€S3. 30 AS yo > 3 39 a a TO a E mn ""3
ss. MA . . 0) DAT a e O n lx. di E Y = O ap:"
raw-3.pdf_page_11.jpg,"Sacarle de la carcel dela ciudad deToledopara em
blaric al prelidio,y pago la pena de quaticcientos
ducados, poraucr uto:gado fianca , de que iria al
prelidio, y delpues acatue buelto a piender en la
carcel deta Corte, donde flempiele a lultétado,
y dcfendido Antonio Gomez a colta de lu hazien
da, en que la ha confumido , y los demas bienes
que tocaron a lus hssmanos del dicho lacinto Go
o r >” pp. 9 - q a 2 ya"
raw-3.pdf_page_10.jpg,"Doctores, precipue Bart. in d.l, poft contractum,
y Junto Meno. ¡7 d.pref[u.1 24.4 AUm.25.X conc
Len Codas las que manjfichtá la verdad, y la aflegu
ran hn genero de fofpecha, pues fe halla, que ettas
clcrituras no contienen contratos honorofos,ÍIM0,
lucrativos, y vnas pagas hechas en diferentes tic-
pos,detde clañode 1636 haltaclde 1640.trc54-
nOs y Medio antes 5 le comerte el delito, q (on
cuidentes congtturas de que no le hizliero en trad-
dede la condenacion, vt notantomnes tu d. /. pol?"
raw-2.pdf_page_6.jpg,"nano ccilion de nmqu: rirlaverdaden das cofas que deperder delecuecinuer.. clas canfas, yes
poor niosarnimes de dos Elpañoles s najufla coriclidad de reparer eh cada ve ca: Llo de conde le
dize, on que ay gran defcuydo,bacido de la claridad del lenguage , pereciendole a C2ca vino, que co-
moevnticnde lab gnificacion , ho tiene para que bulcar la delcendencia , con el cor oc inuento ce la
anal e gulia mucho de la propiedad, y fe dá razon del vlo, como diz:erndo defcalabrar, nadie rey ¿ra
en masde lafignificacion, puro preguntado qualquiera , porque fe dize fc lo de la cabeca, y no de
los otros miensbros del cuerpo, no labra dar razon, fino Íabe la Etymologzia, que defialabrar es del-
cajaverar, y la calavera lolo eltá en la cabega. Con efte trabajo de lis Erymologiss dara v. m. a en-
tender quan facilmente fe puede comprehender el lenguage Eflpañol , labidas las raizes de donde
toos los vocablos falen : Jamo raizes a los vocablosque der.tro del miímo lengusge fon primiti-
nos, En deriuaife de otros, y los demásfe derjuan dellos ; y elos talesen todas las lenguas lon muy
pocos : y afsi fe vé enla Griega, que con fer lamas difuía dequantas lesprenden, le rcduze z muy
pocas raizes; como lo moflró Henrico Stepliano en lu Thefauro, y afsi de u16 de fer en el primetlen-
2uage del mundo , que no podemos faber qual fue : lolo fabemos que el iruentor del , tue nueliro
Padre Adan, el qual como dize la Efcricura Sagrada, pulo a cada cofa lu propio nombre : aunque
cfta propoficion no feenciende tan facilmente, efcaruando algo enella; porque dizen que Adan im-
pufo 1. s nombres a las cofas, aludiendo a la naturaleza dellas, como digamos por exemplos,que y u-
ele por nombre a piedra, piedra, aludiendo a la dureza que en aquel vocablo le fignifica. Agora
pregunto, ira la piedra llamó afsi por la dureza: a la dureza porque la llamó atsi,O aludiendo a que?
Vendriamosa dar vn prosrelío en infinito, Ó vn circulo, que es el melmo error. Gatopio Vecano en"
raw-2.pdf_page_15.jpg,"y modo de procede», Baeza, la poquedad, y ct -
vilidad, que en la gente honrada foccha mas de
ver, como la mancha cn la grana. Baxada, el
camidño , ó calle que va defcendiendo , y todo
trac Ín orígen del nombre Baíis.
ABALANZARS£E,esarrojaríe (in
confideracion á dezir, Ó hazer vna cola de que
fe podrían feguir algunos ¿nconvchientes : es
tomada la metafora del pefo de dos balangas,
que (i Ja vna tiene mas pelo que la otra , y no
eftan en fic]; fe arroja conel dematiado ; y delr-
gual pefo : que por otro termino dezimos precl-
piraríe, O arrojarfe. Y por ventura es mas cierta
que fe dixo de B41lo . que es arrcjar. Abalangar;
vale janalar los pelos, no inclinarlc mas a vna
parte que á orra, andar eh balangas, cftaren mu-
cho peligro fobreviniendo algun accidente , co.
mo 4 la balanca fi le cargan algo mas de lo julto.
Balancín, la lanca rerciada, de que vían los bol-"
raw_1.pdf_page_8.jpg,"OOsS wa ST O — AT 1) e. ""rn 4
SO SIE RES ESE ES -=89% ¿8278
LAGO sigo Logs? ELA,
BIDTELUEBASE Ea opi a EAS
o > co o. > mi e” ""o?

TESTER TERA vE£3 «Ss Do 32B
$ Noa ¿Q ¿GI 5B»sr DS ""uE

gx. 0 ss 80538530 s nn ER0UE 230 A
a > m 2 SO REUS OTOÑO y = == 0
XX , ESNOAOin 0D y nr Da vu 3 E gu
""DG HO= 5 e E nu E CICERO S 2003.
lao 3038 Enwo Sr 2 ""50 E ""3
E DL NUDO EBE EAS Sos .1_e D Roo

IS SI A ¿252318 Suu o
00 OE == 0DE""S O VU Y
2 LOU > nd O - ey ON BA 0 Q vr 3
GQ 0,k O 0 A MZ QQ 2 0 ”y n Es Dn”
o n= SE .*Y ce w ÉE ') == O a v Ó “Oo >
""ENE LZL y EO0ODOsZm “Eg SEÉEZE=2S y 9D
S FERIA CBS aa. so?” e"
raw_1.pdf_page_15.jpg,"ÓO A ACIOT
ES o ER omo CPAU

0 >, Y 0) o A Ss a”
== EZE>AU E EAN EOI II ES!
E O “uv Va * CUY” SE ur O 3J3Am7a
o ""oo, ,E£Su. RC IE a.
— me e == 2O0ÉB> a” c £ S na
ER IA

. . -í e ha U) o yu
A PODIO POBRE REA BEI ITA BS
4 ia *” eb05.53,9 As na a > 0 a o OD yvuus
CS «y nm SS OR OO 2.0 3 A E SESPCEOOARO ZA
VA. «36€ Dí 3z>. “LES uv 7 Oo2s >
yO 31 vw O Vo. o OE n9d., > «LA TS:
O A a e A SY — pa , a Ya
oy 8% ¿“Aros “8 SIESTA GE
E 0. 9 NAC RT FASO
.n SE ru y So 3 cO0 Tn Aag37o
""E uETCO0aAgo«=08Y837ESUE5SD0os:] Eo
EZ 3 ""2934, k092% 53 4. EOQ2%Z O $
A CELERIDAD SAO O ES

n a Q A es po U $ A

UY A
UB ABEL AA a
TAE RR EEC
—IRO RS Q2E280=8E53-0-030% 73003
SoSIS3gouou02ogra coo 580 *=""5 Ó Qu 2
> ""e QQ 3 rs"
raw-3.pdf_page_3.jpg,"jurada ningun adelasdichascarrasde pa90,no las
podia impugnar lacinto Gomez Pimentel, ni do-
na LeonorKa ualco,que Pretende “ener ín miímo
derecho, porque de fy narrativa, y de la fe del cala
miento, queic ha prefentadoen elta inftancia cób
ta, que quando las OtOrgo era calado, y velado ) y
mayordediez y ocho años, con que quedó eman
cipago, y le hizo fui taris,y perfona habil para ad-
miniftrar fus bienes, y cobrar lo queíu padre,O cul
sador le denieren, aunque lea menor de velnte y"
raw_1.pdf_page_16.jpg,"| | y , a Mp” pund o A TQ” o ""A
236 NEGSLEILIAL TEGBLLTIOGS
= 3213. o 3 DUErsSdosdp,yu. 9/0
gaS ¿USER E SA IB SRREZIG O
E O $ > 2 S* Ln) S a U ha. -3 IA > 3 To O Ss e
A NE vI.E SU Do Zn n E E $223
3 e A LY) 33 E o O n 3 RO > VU x
7 uu SI > > £€S<S3033306U5>5%82

3 Y Nm >», LD UD ..3 =. E uy 3 .

ag: Y ai -. da o” uy De “Ox e € a BR Y ou
REESE CAMA Seg 93
gan Y 5 ""Y = E == 0 w EN 3253 A
Ed E
o OD e AC) v3 ""y o JE, E
== vn TT € =ZX 0 y a” Lo 590.392.006
SL o. Us Ur So
EPIA A AE E
Ly ES 135 08 O STE:
2 en > Yana em DN 7 e . “3
EE RAICES AER RU"
raw-2.pdf_page_28.jpg,"colo. Lar. levigare + dezimos fer hecefarios
lefvaflas, y acepillar a alguno , quando nucva-
ente empleya á erarar con la gente correfana,
Tes groficro y eraza,y habl22 fuer de lu aldea,
Accpillado , acepilladura , vide cepillo,

ACETAR,del verbo Lat. accepto. as. fre.
onencativo de accipio. V ale comunmente dar
el] contelo de lo que fe nos ofrece, y recibarlo,
o conceder, v ororcar cón lo que le nos propo-
ne. Ser yno acepto, €s fer agradable , y bien re-
cebido. Acerrcion, el avto de acepi2r.

ACEQVIA,csnon:bre Arabigo, y valo
regadera, “conducto a. esgna delcubierto , qua-
izayuia, 2brevauero, o canja por donde pala
elagnapara regar, O moler : las 2zCquias gran-
des que fe hazen para delaguar las hagas, fe 11a-
man madres, y las pequeñas , que vana dar a e-
Mas hijuelas: los que Las abren paleros , que fon
Caflranes."
raw-2.pdf_page_22.jpg,"entr Cos TOrTOltris ( VE MGAZA METIO fiat, ¿1109 POLUYLE CLIO COR 14 21LUL Ce LICEO 414 DIC:
culrus de terra, quaenan «habet culrores; Por-  múger, y afus hijos , parece difminuir el de lo:
que ordinariamente naccen larierra no labra. padres: y porque el amor di¿cn, que mas nten:
da: yespropio frurofuvo , en. refpecto del pe-  famenté defciende que afcionde. El otro mali
vado de:Adan, quien dixo.Dios, Genef. cap.  cicforclpondio a efto, que quando los hijos rc
3 Spinas ¿Us tesbulós zertirabirribr ¿70 Dela-  hanfido muy a) guíto de [us padres : efics quie:
brójo ay.v.ha emprefa con lalerra fabit, quo-  renbienlos nietos ; porque les han de vengar, y
cuíhque cadar, Danaa entender cl quevso ce han de hazer:con ellos otro tanto. Y afej dez:
cli2,queen onalqujer cftado profpero, ó adner-  elotro viejo a fu niero,quexcío del hijo: Tu me
o, perfeveraria en Íu fee , y propofiro. - yengarasdetupadre.

ABVEBDILLA,del nombre Latino Vpu- ABWHADO, llamamos a] que trae mala
pa, ave conocida ,que tiene las plumas fobre color, y el rofiro hinchado, y los ojos cen ceño.
la cabega levantadas, 4 minera de celada, Gre-  Eftá corrompido el yocablo,que avi3mos de de-
có Epots. Elte nombre Abuuilla efi compuet-  zir, Abufado , cola fabida es ponerfe la letra +,
to «ic aye, y del diminutivo de Vpupa, conviene por laf, como lo veremos en muchos vocablos
a faber V pupilla, ave Vpupilla, y corrompido adelante: digo pues, que Abufado , le dixo de
Abuúrlla. Es ave Íucia,que fe recrea en el eltier- Bufo, queen Latin vale lo mcfmo que en Cafe:
col: fu voz defgraciada, y trifte, y por clio dixo  lHlanoel Sapo, O Efcuerco, 0 Rana rerrefire, Ef-
el adagio. Latino -, Epops. cum cygnis cerrar.  rteanimalejo poncoñolo tene v na mala color a-"
raw-2.pdf_page_21.jpg,"ABRIGO, vale reparo contra las incle-
meoncias del Ciela: particularmente contra el
fri0.Del Latino, 2pricus, que vale, loli expofí-
tus, vel apertus : porque los luyares abrigados
opustios al medio día,los calienta el Sol. De la
palabra antigua Caftellana Briga : quees ¡unta
congregación, y tropel de gente : y lHamauan
Brigas los lugares que no cran murados, donde
le juncauan, y adunauan la genre del campo, y
de l2bor,arrimandole a las Ciudades, e pueblos
grandes: y por ticmpo mudaron el nombre, tro-
cando las lerras y de Brigas fe dixeron Burgás;
y Burgos: y la Ciudad de Burgos fe dixo alsi de
muchos deftos pueblos,que rodos juntos la po-
blaron, y hizicron Ciudad. El Burgo de Olma,
que vale lo dicho , y es tanto como arrabal de
Otua. | o"
raw-2.pdf_page_2.jpg,". E » Ñ
o ' > de al - »
” a : A DY e 4
Yo. A » E < yA 9 y
0 . » y pu .
. s , uo $ : .
, e . ,
| V, 0% |
a
| 1 .
e Y e . w Ñ
. ” A , A rr ? E
o e) y o »
2 ? e 61. - P y .. -..
y , + -
y- e. po ro Ad"
raw-2.pdf_page_17.jpg,"Qub.i nec concubita indulgent, nec corborafeznes de dezir , que juegan don alguno 21 dbejon,

In Veneremfólvnnr, antfiermsoixibos edonc, quando le tienen en poco, y fe burlan del. Els

Vero ipfz folys eatos, CF fuñ:bos licrbis jueso llama Antonio Nebriflenfe, alaparum lu,

Orelezant. | . dus; . | o |

Etquerio dize , que la abeja es hieroglifico ABEIORVCO , esvna ave que deftru=
del adulador , que en la boca crac la miei defcuz ye las colmenas ; porque fe comic las abejas, di-
bierra , y efcondido el aguijon con que defpues  chaporelta rázon apiaitra; y por otro nombre
mati... ( | | riparia; o A

Tambien lo es de la venganga ; aunque fea ABENVZ,; arbol ,ó lú maderá. Vide E-
haziendofe el hombre daño a fi mefino, fegunló  yano; . |
que. riene el vulgo recibido , que la abeja en hi- ABERTVRA,) vide Abrir. |
riendo con el aguijon muere. Y para conchur ABESTRVZ, Larín. ftrurhius, £. ftru-
con das particularidades de la abeja por nofer  thio; camellus, Y, es la mayor de las aves; fiave
largo , referir¿ ran lolamente los verfos de [e puede 114. nár ; porque aunque tiéne alas no
Virgilio en que explica el orden que tienden fu buela con ¿llas, ran folo le firven de aligerar fu
vida, y exercicio, que es vn dibuxo de la Repu-  corridá, fin jamás levantaríe de cierra. Tiene las
blica bien ordenada, y compuetta :enrazonde  vñas hendidas comoel ciervo ; y quando huye,
13 qual el Sabio , Prouerbiorum cap. 6. nostre. va afiendo con ellas las piedras; y lasarroja 2
mite a ella con eltas palabras: Vsacad ape <P quienleGigue. Traga rodo quanto le arrojan, y
difccab cague labor:ofa:iroperatrix, Y los verlos lo diviere, ves ran ftolido,y bobo, que fi efcon-
de Vireiliofon los que feficuen . hiblaindo de — deranfalamente la caheca entreatonna mara '"
raw-2.pdf_page_29.jpg,"los demás Presbiteros : nombre Griego dear- bigo , y en fu terminacion feurumn, y Corrapra-
chos, Princeps,« Presbyrer,El Principe; el maz mente fenr, y conclareiculo 3-fenr , y de alli a-
yor ; y mas venerableenctre los ancianos; y vic= for, y fnalmenteagor. El Padre Guadix dize,
jos: cerca del vto Eclefizftico le toma porelmas «que viene del verbo Arabígo 4bgor,que vale nul-
yor entre los Clerigos de Mia, que llamamos rar, por la viíta aguda que ticne. Eite ave tam-
Sacerdotes, y Presbiteros. | bien podia fer de raiz Acbrea, del nombre jur
AGOFAR, Lazinc ws ftifide , por fer metal faxunx, perra : por criarfe entre riícos , y 2lro3
que fe hundo, nombre Aribigo , curro.mpsdo de  peñafcos;ó del verbo gur alienare, por fer cha
cufar, que vale cofiamarilla, y color quereluze  'aveparanofotros peregrina, traida a los porin>
cono oro ; pero fu tasz es Hebrea de ygifr puls  <ijrios de clas partes Soprentrionales; y defy.ues
chrun elle , por fu refplandor , y buen pa22 'criazronenLípaña, En cietto libro manufcerip-
fecer , remedando la hermoftura , y color rubio “to que trata de cetreria, hallé elcrito ayer to-
del oro. | - madoefte hombre desn2 fierra dicha cur, don-
ACOGV E,es vn geñero de metal liquido, de fe eriun los muy buenos halcones. Diégo de

y fitiido, muy conocido , de color de plata, qué — Vrrea dizcfor Arábigo , dichocn fn termina-
por quanzo parece plata derretida, que vá cor- «cion fcurun, y corruprtamente feur , y con el ar-
rieñido a vna parte , y a otra : los Griegos le ticulo a-feur , y en mayor corrupcion 2cor. Á-
Manaron Hoydrergy:os , +d elt, aqueum argen-  corarfe, vale alborotarfe de alyuna cofa fubita,"
raw-3.pdf_page_8.jpg,"congetura alguna, de que las cartas de pago de q
Antonio Gomez Pimentel le vale fean fingidas,n1
limuladas, ni dadas en confianga , porque la cotel
fon extrajudicial, que dizen hizo lacinto Gomez
citando priefo de que lasauta otorgado en confian
ca,mcita prouada,ni hiazia al calo que lo eftuule
ra: y dela probanca que fe ha hecho, le manificita
la llaneza, y verdad, con que cíta parte ha procedi
do, y la malicia de la contraria, y conuencimicn-
to de tres teltigos que ha prefentado, porque cada"
raw-2.pdf_page_8.jpg,"TICENCIA DEL REVERENDISSIMO PADRE LVIS
Vuaquez, Drovincial de los Clerizos Reculares Menores de efta
Provincia deEfpara. o

To VisVazquex, Provincialde los Clerigos Regulares Menores de efta
N Provincia de Efpaña,con patticolar comifsion del muy Reverendo Pa
dic. onardo Lo:edano , Prepolico General, do y licencia, y facultaa para
quele m rimanlas Adicciones al T foro de la lengua Caftellana, com puel-
taspore Padse Bonito Remigio Noydens ; y aprobadaspor perfonas doc-
tas, y gras esde nueítra Sagrada Religion. En teftimonio de lo qual dila pre-
fent fi mada de mimano, y leilada con el fello de m1 Oficio, en dos de Oc
tubrede 167 2."
raw-2.pdf_page_7.jpg,"TO N Los lurares donde los hombresfón z.elofos ,y recatados , fuelen labrar?
E lascafasen lozmterior del fitio,dexandoentre lahabitacion, yel lsenco de
la calle, on atrio,o corral, y afsino fedefcmbrela hermofura del edificio fi la sienc,
nila falta, fi alguna haviere, Tohelido tan recatado, y encogido,que fin ningun
aparato, 6 penencion me entre de rondon, declarando los vocablos de lalengua
Efpañola La ( eliana adutritendo tan fe olamente a:gunas Ceneraliaades que"
raw-2.pdf_page_27.jpg,"ACAFRANADO),) lorteñido con aga.
fran , y acaíranal, la tierra donde fe cria, De
aleunos años aclta parte le han dado tanto a
criar acafesen en la Mancha, y rierra de Huete,
que han devado de fembrar trigo en las hazas
por ias ganancia, Del acafran , de los lugares
donde fe cria, y lus diferencias : del vfo del en
medicina, y en comida, y bebida, Vide Plinium,
lib. 21.03.6.X Diofc, lib. 1,cap.25.X. 260

ACAÁGAYA, lanca pequeña arrojadiza:
es nombre Árabigo, del verbo cegaie , que vale
arrojar ,-y ellaen Árabigo fe dize cegaicrum,
es de Diego de Vrrea,

Ac ARCON,Latr. plumbum vítum, y por-
que fe allega al color amarillo, ronio cfte nom-
bre, y fe le dieron los Arabigos de la rayz He-
brea, charcon, crocus, vel crocens , vide Cale-
pínum, verbo crocus.

- ACECHE, Arabigo de zig.

ACECHAR, quaíi afleétar , del verbo"
raw-3.pdf_page_2.jpg,"C.dein integrumreff, num. 6. Serafin, de priulicg.
luram.priueg. 83. num. 24. Vb! adit, M. 2.Tuíc.
tom. s.litera M. conclul. 2 63.Caftiil. lib. 3.QUOt.
cap. 2. Molina de primogen. lib. 2. Cap. 3, NUM.
19. o

28 Y efta opinion es tancomun,aflentada, Y
recibida, que (iva menorde veinte y cinco años
otorga plena liberacion, en fauor de lu curador, y
la jurare, no puezde dezir contra ella, [mo prouan=
do que la hizo por error, (ic Gutier. de iuram. con-"
raw-3.pdf_page_4.jpg,"e 4
acc. 73.nim. ro. Menoch. derecuper. poff. rem.
9. (234472, $6. Y aísi lacinto Gomez Pimentel, que
era calado, y velado quando oro1g0 las dichas cla
CHCuras Zo las cuentas en ellas referidas, quedo
obdiigado a cltar, y pafíar por ellas, y Antonio Go:
Mcz tu padre, no íolo libre dela entrega”, quetes
nia obligacion a hazerle delu legitima materna,
lino acreedor a fu hijo , en la cantidad que vade
S 80751 .reales(que montan las cartas Ge pago da
das inaítaclañode 1 640) a511681. que montó
la leoitima. o |"
raw_1.pdf_page_14.jpg,"Os sty 1YALATAS Mén Tear"" Ven ns

$ A Le . y 4
dy e O Jo! AUD rESS 7 O Y ge. S' a
> ""O GOB 3 a y viv. 0204 ""DES, y
0 ex IO ""3 a Y - «4 3 — e O E
S -3Q A 5 um £ a Te RS 0
E QU yy Ou 0 YQAT""ILI COS
A o ... D te a
E DA SU Ds Dos =3NYy03g ""3: a
SIP IA a 53 > ETA CREO de
ESE RBELESTO0 LO Porro ER
JE E E = ED VD.” gs . 92
) ROQUE ETA DEUDA e
3352820253232 Tug$asgE > Ains TO qu
n NORD, E De So sz., A ES
A QQ “9 . Qs Le e, o >» S>.5

6 uv << Ó .A Q Y) ” Xx «e Y!
) 43 «OU IES u a aaa ASAyuvowo S
¿0 cos Par? a . N a(Y cn Es” Sai
ado e ai2das gebiicaiad sg

9 WED, , Pa

¡ROS IFE E? ESTATE SS
ale 2 ¿E v,, Sy S= y TO a e
yoo. Y UV » Y o 3 gt e. ui pa A pet n 3 o Ó e eS . So."
raw-2.pdf_page_12.jpg,"+ verodeVires, interprete del Rey nuzliro leñor, y vilo algunos eferitos *:* Padre Gracix,
o, ey me hieapronechalo, y de algunos orros que ciro en diverfos lugares. Fiema valizo da
ou vasldebrea, para confirmar Jo que los lufodichos me interpretan dela Arzbiga. Y poción
ou os ias vocablos Caftellanoslon corsempidos de la ler gua Latina, hafe ceaduerss
uy deuordinariofe mudan las lerras , trocandofe vr.as por Ctras; y las mas crdinarias, fe
rr corfoaamtes y que aman mucas, dinididas eo tres clafles, tenues, medias, y afpiraras
2 + «ntuamdandas demás, y vnasvocalesencrras , y eftlotodo efta adunertido por alg uno:
co + medernos que han redozido nueftra lengua a metodo, heziendo arte de Gramatics El.
ceño... Nofe dene nadie efcandalizar de que las dicciones defte mi libro le efcriuan ccmo fue:
eso y arder da propizortografiá , puesello fe emienda Incgo inmediatamente en el miín,a
poro porexemplo , Philipo, no fe ha de bulcar enla lerra ph. finoenld3 f, Gercoin.o
+ ynoenlaH, Temaen la To. y ho enla th. S fic de cxteris.
 fesfaieracodos, fiendo dendofes a lós (labios y y alosque nolo fon, en el diícu:fo de
cevmoloyias, no falo fe traen das legitimas, y verdaderas, peroa vezes Jas vulgares in-
| ¡ 2 porldosidivras. Los vocablo$que fio fe hallaren en la letraz. bulquenfe en la e. y
o ias delaf.enla3 HH. y al contrario, como fidalgo, hidalgo. La lerra V. fe diuide en la vocal,
confonente: lo demas le adujerte en cada diccion. Yo pido con toda humildad, y reconoci»
ato demi poco faber, «que todo aquello en que yo erráare, fe meemnyjiende con caridad, y le me"
raw_1.pdf_page_3.jpg,"| A
| <= 07% EI:
k Ó = REED
< R So a02532-=2¿0” E
A e yv y $ E uE 2,
E « LES | Y EQAJLE
Hl ""Ta S ""Gus aso»
Y cCUCcEs2 Aa
2 O = SESAALD Saa
pad UN a O JE
NO Q]$).-> JERIA
e = 3 ICE
5 qAaDE resista
Z E y 2 dp ES
yl a Ss ZO Ba o ad
O SÍ ¿ESMERO
a 3 > a .viSÉ£0o 628
e y a e TEE ici
As 'O S ¿Go caos
] < E N S>*59I1O0ASS
pl —_ > ed 205330"
raw-3.pdf_page_6.jpg,"lo demas, fin embargo le perjudica Cn lo que.es en
lu daño, elof. ingulares, mil. 1.4. 1- werb. dies f-
de edendo, lafoninl. non folum. $. morte. nue:
16. de nousoper. nunt. Menchb. contr. ¡llMStr »
lib. 1.cap.2.num. 9 .Parlad. lib.2.rerum quotid. Cs
fr.$. 5 .num. 21. Efcobar deratioc. cap. 13:M%-
12. Genna de [crip.prin. lib. ¿.tract. de lsbrss Ka.
10. 12um. 9 1.0 fe99.
33 Perolo cierto es,que efta efericura [e Otor
có en tiempo habil por lacinto GomezPimentel,"
raw-2.pdf_page_36.jpg,"de adulrerijs. Afectar vn benehcio *, anexarle.
AfeRacion, el cuidado extraordinario, y dema:
fada diligencia que vno tiene, O en palabras, €
en atavio, 6 otra qualquier cola. Y afiéraco €
notado defte vicio , efpecialmente en el hablar
y pronunciar lo que dize 11 fe cfcucha , oracior
afeftáada. o

AFECTO, Latine afeétus.ns, propiamen:
reespaísion del anima , queredundando en 1:
voz , la altera, y canfa en el cuerpo vh parricu:
lar movimiento , con que movemos compaíl:
fion, y mifericordia,a 1rá, y 4 venganca, a triíte
22, y alegria, cola importante; y neceflaria en e
Orador. . . o"
